<?xml version="1.0" encoding="utf-8"?>
<install type="component" version="1.5">
	<name>Easy Gallery</name>
	<author>Turnkeye.com</author>
	<creationDate>2010</creationDate>
	<copyright>Copyright (C) 2010. All rights reserved.</copyright>
	<license>GNU/GPLv3 http://www.gnu.org/licenses/gpl-3.0.html</license>
	<authorEmail>info@turnkeye.com</authorEmail>
	<authorUrl>www.turnkeye.com</authorUrl>
	<version>1.0.0</version>
	<files folder="site">
		<filename>controller.php</filename>
		<filename>easygallery.php</filename>
		<filename>index.html</filename>
		<folder>gallery</folder>
		<folder>models</folder>
		<folder>views</folder>
	</files>
	<install>

		<sql>
			<file charset="utf8" driver="mysql">install.sql</file>
		</sql>
	</install>

	<uninstall>
		<sql>
			<file charset="utf8" driver="mysql">uninstall.sql</file>
		</sql>
	</uninstall>
	<administration>
		<menu task="default" link="option=com_easygallery" controller="images">Easy Gallery</menu>
		<files folder="admin">
			<filename>config.xml</filename>
			<filename>controller.php</filename>
			<filename>easygallery.php</filename>
			<filename>index.html</filename>
			<filename>install.sql</filename>
			<filename>uninstall.sql</filename>
			<folder>controllers</folder>
			<folder>helpers</folder>
			<folder>models</folder>
			<folder>tables</folder>
			<folder>views</folder>
		</files>
	</administration>
</install>